ACEBUTOLOL;CCCC(=O)Nc1ccc(c(c1)C(C)=O)OCC(O)CNC(C)C
DACTINOMYCIN;CC(C)[C@H]1NC(=O)[C@@H](NC(=O)c2ccc(c3c2N=C2C(=C(C)C(=O)C(=C2C(=O)N[C@H]2[C@@H](C)OC(=O)[C@H](C(C)C)N(C)C(=O)CN(C)C(=O)[C@@H]4CCCN4C(=O)[C@H](NC2=O)C(C)C)N)O3)C)[C@@H](C)OC(=O)[C@H](C(C)C)N(C)C(=O)CN(C)C(=O)[C@@H]2CCCN2C1=O
ALDOSTERONE;C[C@@]12CCC(=O)C=C2CC[C@H]2C3CC[C@H](C(=O)CO)C3(C[C@H](O)C21)C=O
AMILORIDE;N\C(=N)\NC(=O)c1nc(c(nc1N)N)Cl
AMIODARONE;CCCCc1oc2ccccc2c1C(=O)c1cc(c(c(c1)[I])OCCN(CC)CC)[I]
ASTEMIZOLE;COc1ccc(cc1)CCN1CCC(CC1)Nc1nc2ccccc2n1Cc1ccc(cc1)F
ATORVASTATIN (FREE ACID);CC(C)c1n(c(c(c1C(=O)Nc1ccccc1)c1ccccc1)c1ccc(cc1)F)CC[C@@H](O)C[C@@H](O)CC(O)=O
BEPRIDIL;CC(C)COCC(CN(Cc1ccccc1)c1ccccc1)N1CCCC1
CELIPROLOL;CCN(CC)C(=O)Nc1ccc(c(c1)C(C)=O)OCC(O)CNC(C)(C)C
CHLOROQUINE;CCN(CC)CCCC(C)Nc1ccnc2cc(ccc12)Cl
CICLOSPORIN;CC[C@@H]1NC(=O)[C@H]([C@H](O)[C@H](C)C\C=C\C)N(C)C(=O)[C@H](C(C)C)N(C)C(=O)[C@H](CC(C)C)N(C)C(=O)[C@H](CC(C)C)N(C)C(=O)[C@@H](C)NC(=O)[C@H](C)NC(=O)[C@H](CC(C)C)N(C)C(=O)[C@@H](NC(=O)[C@H](CC(C)C)N(C)C(=O)CN(C)C1=O)C(C)C CICLOSPORIN
CIMETIDINE;CN\C(\NCCSCc1nc[nH]c1C)=N/C#N
CLOFAZIMINE;CC(C)\N=C1/C=C2N(c3ccc(cc3)Cl)c3ccccc3N=C2C=C/1Nc1ccc(cc1)Cl
COLCHICINE;COC1=CC=C2C(=CC1=O)[C@H](CCc1cc(c(c(c21)OC)OC)OC)NC(C)=O
DAUNORUBICIN;COc1cccc2c1C(=O)c1c(c3c(c(c1C2=O)O)C[C@](O)(C[C@@H]3O[C@H]1C[C@H](N)[C@H](O)[C@H](C)O1)C(C)=O)O
DEXAMETHASONE;C[C@@H]1C[C@H]2[C@@H]3CCC4=CC(=O)C=C[C@]4(C)[C@@]3(F)[C@@H](O)C[C@]2(C)[C@@]1(O)C(=O)CO
DIGOXIN;C[C@H]1O[C@H](C[C@H](O)[C@@H]1O)O[C@H]1[C@@H](O)C[C@@H](O[C@@H]1C)O[C@H]1[C@@H](O)C[C@@H](O[C@@H]1C)O[C@H]1CC[C@@]2(C)C(CC[C@@H]3[C@@H]2C[C@@H](O)[C@]2(C)[C@H](CC[C@]32O)C2=CC(=O)OC2)C1
DILTIAZEM;COc1ccc(cc1)[C@@H]1Sc2ccccc2N(CCN(C)C)C(=O)[C@@H]1OC(C)=O
DIOSMIN;COc1ccc(cc1O)C1=CC(=O)c2c(cc(cc2O1)O[C@@H]1O[C@H](CO[C@@H]2O[C@@H](C)[C@H](O)[C@@H](O)[C@H]2O)[C@@H](O)[C@H](O)[C@H]1O)O
DIPYRIDAMOLE;OCCN(CCO)c1nc(c2nc(nc(c2n1)N1CCCCC1)N(CCO)CCO)N1CCCCC1
DOCETAXEL;CC(=O)O[C@]12CO[C@@H]2C[C@H](O)[C@]2(C)C1[C@H](OC(=O)c1ccccc1)[C@]1(O)C[C@H](OC(=O)[C@H](O)[C@@H](NC(=O)OC(C)(C)C)c3ccccc3)C(=C([C@@H](O)C2=O)C1(C)C)C
DOMPERIDONE;Clc1ccc2c(c1)NC(=O)N2C1CCN(CCCN2C(=O)Nc3ccccc23)CC1
DOXORUBICIN;COc1cccc2c1C(=O)c1c(c3c(c(c1C2=O)O)C[C@](O)(C[C@@H]3O[C@H]1C[C@H](N)[C@H](O)[C@H](C)O1)C(=O)CO)O
EMETINE;CC[C@H]1CN2CCc3cc(c(cc3[C@@H]2C[C@@H]1C[C@H]1NCCc2cc(c(cc12)OC)OC)OC)OC
ENOXACIN;CCN1C=C(C(O)=O)C(=O)c2cc(c(nc12)N1CCNCC1)F
ERYTHROMYCIN;CC[C@H]1OC(=O)[C@H](C)[C@@H](O[C@H]2C[C@@](C)(OC)[C@@H](O)[C@H](C)O2)[C@H](C)[C@@H](O[C@H]2O[C@@H](C)C[C@H]([C@@H]2O)N(C)C)[C@](C)(O)C[C@@H](C)C(=O)[C@H](C)[C@@H](O)[C@]1(C)O
ESTRADIOL;C[C@@]12CC[C@H]3[C@@H](CCc4cc(ccc34)O)[C@@H]2CC[C@@H]1O
ETOPOSIDE;COc1cc(cc(c1O)OC)[C@H]1[C@@H]2[C@H](COC2=O)[C@H](O[C@@H]2O[C@@H]3CO[C@H](C)O[C@H]3[C@H](O)[C@H]2O)c2cc3c(cc12)OCO3
FELODIPINE;CCOC(=O)C1=C(C)NC(=C(C1c1cccc(c1Cl)Cl)C(=O)OC)C
FEXOFENADINE;CC(C)(C(O)=O)c1ccc(cc1)C(O)CCCN1CCC(CC1)C(O)(c1ccccc1)c1ccccc1
FLEROXACIN;CN1CCN(CC1)c1c(cc2c(c1F)N(CCF)C=C(C(O)=O)C2=O)F
GLIBENCLAMIDE;COc1ccc(cc1C(=O)NCCc1ccc(cc1)S(=O)(=O)NC(=O)NC1CCCCC1)Cl
GREPAFLOXACIN;CC1CN(CCN1)c1cc2c(c(c1F)C)C(=O)C(=CN2C1CC1)C(O)=O
HYDROCORTISONE;C[C@@]12CCC(=O)C=C2CC[C@H]2[C@@H]3CC[C@](O)(C(=O)CO)[C@@]3(C)C[C@H](O)[C@@H]21
HYMECROMONE;CC1=CC(=O)Oc2cc(ccc12)O
IDARUBICIN;C[C@H]1O[C@@H](C[C@@H](N)[C@H]1O)O[C@H]1C[C@@](O)(Cc2c(c3c(c(c21)O)C(=O)c1ccccc1C3=O)O)C(C)=O
INDINAVIR;CC(C)(C)NC(=O)[C@@H]1CN(CCN1C[C@@H](O)C[C@@H](Cc1ccccc1)C(=O)N[C@@H]1[C@H](O)Cc2ccccc12)Cc1cccnc1
ITRACONAZOLE;CCC(C)N1N=CN(C1=O)c1ccc(cc1)N1CCN(CC1)c1ccc(cc1)OC[C@H]1CO[C@@](Cn2cncn2)(O1)c1ccc(cc1Cl)Cl
IVERMECTIN-II;CO[C@H]1C[C@@H](O[C@@H](C)[C@@H]1O)O[C@H]1[C@H](C)O[C@H](C[C@@H]1OC)O[C@H]1[C@@H](C)C=CC=C2CO[C@@H]3[C@H](O)C(=C[C@@H](C(=O)O[C@H]4C[C@@H](CC=C1C)O[C@@]1(CC[C@H](C)[C@H](O1)C(C)C)C4)[C@@]32O)C
KETOCONAZOLE;CC(=O)N1CCN(CC1)c1ccc(cc1)OCC1CO[C@@](Cn2ccnc2)(O1)c1ccc(cc1Cl)Cl
LEVODOPA;N[C@@H](Cc1ccc(c(c1)O)O)C(O)=O
LEVOFLOXACIN;C[C@H]1COc2c(c(cc3c2N1C=C(C(O)=O)C3=O)F)N1CCN(C)CC1
LIDOCAINE;CCN(CC)CC(=O)Nc1c(cccc1C)C
LOSARTAN;CCCCc1nc(c(n1Cc1ccc(cc1)c1ccccc1c1[nH]nnn1)CO)Cl
LOVASTATIN;CC[C@H](C)C(=O)O[C@H]1C[C@@H](C)C=C2C=C[C@H](C)[C@H](CC[C@@H]3C[C@@H](O)CC(=O)O3)C12
METHOTREXATE;CN(Cc1cnc2nc(nc(c2n1)N)N)c1ccc(cc1)C(=O)N[C@@H](CCC(O)=O)C(O)=O
METHYLCHROMONE;CC1=COc2ccccc2C1=O
MIBEFRADIL;COCC(=O)O[C@]1(CCN(C)CCCc2[nH]c3ccccc3n2)CCc2cc(ccc2[C@@H]1C(C)C)F
MITOMYCIN;CO[C@@]12[C@@H](COC(N)=O)C3=C(N2C[C@H]2N[C@H]21)C(=O)C(=C(N)C3=O)C
NADOLOL;CC(C)(C)NCC(O)COc1cccc2c1C[C@H](O)[C@H](O)C2
NELFINAVIR;Cc1c(cccc1C(=O)N[C@@H](CSc1ccccc1)[C@H](O)CN1C[C@H]2CCCC[C@H]2C[C@H]1C(=O)NC(C)(C)C)O
NICARDIPINE;COC(=O)C1=C(C)NC(=C(C1c1cccc(c1)[N+]([O-])=O)C(=O)OCCN(C)Cc1ccccc1)C
NIFEDIPINE;COC(=O)C1=C(C)NC(=C(C1c1ccccc1[N+]([O-])=O)C(=O)OC)C
NITRENDIPINE;CCOC(=O)C1=C(C)NC(=C(C1c1cccc(c1)[N+]([O-])=O)C(=O)OC)C
NORFLOXACIN;CCN1C=C(C(O)=O)C(=O)c2cc(c(cc12)N1CCNCC1)F
ONDANSETRON;Cn1c2c(c3ccccc13)C(=O)C(CC2)Cn1ccnc1C
PACLITAXEL;CC(=O)O[C@H]1C(=O)[C@]2(C)[C@@H](O)C[C@H]3OC[C@@]3(OC(C)=O)C2[C@H](OC(=O)c2ccccc2)[C@]2(O)C[C@H](OC(=O)[C@H](O)[C@@H](NC(=O)c3ccccc3)c3ccccc3)C(=C1C2(C)C)C
PRAVASTATIN;CC[C@H](C)C(=O)O[C@H]1C[C@H](O)C=C2C=C[C@H](C)[C@H](CC[C@@H](O)C[C@@H](O)CC(O)=O)[C@@H]12
PROPAFENONE;CCCNCC(O)COc1ccccc1C(=O)CCc1ccccc1
PROPRANOLOL;CC(C)NCC(O)COc1cccc2ccccc12
QUINIDINE;COc1ccc2nccc(c2c1)[C@H](O)[C@H]1C[C@@H]2CCN1C[C@@H]2C=C
QUININE;COc1ccc2nccc(c2c1)[C@@H](O)[C@@H]1C[C@@H]2CCN1C[C@@H]2C=C
RIFAMPICIN;CO[C@H]1C=CO[C@@]2(C)Oc3c(c(c4c(c(c(c(c4c3C2=O)O)/C=N/N2CCN(C)CC2)NC(=O)C(=CC=C[C@H](C)[C@H](O)[C@@H](C)[C@@H](O)[C@@H](C)[C@H](OC(C)=O)[C@@H]1C)C)O)O)C
RITONAVIR;CC(C)[C@H](NC(=O)N(C)Cc1csc(n1)C(C)C)C(=O)N[C@H](C[C@H](O)[C@H](Cc1ccccc1)NC(=O)OCc1scnc1)Cc1ccccc1
SAQUINAVIR;CC(C)(C)NC(=O)[C@@H]1C[C@@H]2CCCC[C@@H]2CN1C[C@@H](O)[C@H](Cc1ccccc1)NC(=O)[C@H](CC(N)=O)NC(=O)c1ccc2ccccc2n1
TACROLIMUS;CO[C@@H]1C[C@@H](CC[C@H]1O)\C=C(/C)\[C@H]1OC(=O)[C@@H]2CCCCN2C(=O)C(=O)[C@]2(O)O[C@H]([C@H](C[C@@H](C)CC(=C[C@@H](CC=C)C(=O)C[C@H](O)[C@H]1C)C)OC)[C@H](C[C@H]2C)OC
TAMOXIFEN;CC/C(/c1ccccc1)=C(\c1ccccc1)/c1ccc(cc1)OCCN(C)C
TENIPOSIDE;COc1cc(cc(c1O)OC)[C@H]1[C@@H]2[C@H](COC2=O)[C@H](O[C@@H]2O[C@@H]3CO[C@H](O[C@H]3[C@H](O)[C@H]2O)c2sccc2)c2cc3c(cc12)OCO3
TERFENADINE;CC(C)(C)c1ccc(cc1)C(O)CCCN1CCC(CC1)C(O)(c1ccccc1)c1ccccc1
TOPOTECAN;CC[C@@]1(O)C(=O)OCC2=C1C=C1N(Cc3cc4c(c(ccc4nc31)O)CN(C)C)C2=O
VERAPAMIL;COc1ccc(cc1OC)CCN(C)CCCC(C#N)(C(C)C)c1ccc(c(c1)OC)OC
VINBLASTINE;CC[C@]1(O)C[C@H]2CN(CCc3c([nH]c4ccccc43)C(C2)(C(=O)OC)c2cc3c(cc2OC)N(C)[C@H]2[C@](O)([C@H](OC(C)=O)[C@]4(CC)C=CCN5CCC23[C@@H]54)C(=O)OC)C1
VINCRISTINE;CC[C@]1(O)C[C@H]2CN(CCc3c([nH]c4ccccc43)[C@@](C2)(C(=O)OC)c2cc3c(cc2OC)N(C=O)[C@H]2[C@](O)([C@H](OC(C)=O)[C@]4(CC)C=CCN5CC[C@@]23[C@@H]54)C(=O)OC)C1
VINDESINE;CC[C@]1(O)C[C@H]2CN(CCc3c([nH]c4ccccc43)[C@@](C2)(C(=O)OC)c2cc3c(cc2OC)N(C)[C@H]2[C@](O)([C@H](O)[C@]4(CC)C=CCN5CC[C@@]23[C@@H]54)C(N)=O)C1
ADRIAMYCINOL-AGLYCONE;COc1cccc2c1C(=O)c1c(c3c(c(c1C2=O)O)C[C@](O)(C[C@@H]3O)C(O)CO)O
DOCETAXEL;CC(=O)O[C@]12CO[C@@H]2C[C@H](O)[C@]2(C)C1[C@H](OC(=O)c1ccccc1)[C@]1(O)C[C@H](OC(=O)[C@H](O)[C@@H](NC(=O)OC(C)(C)C)c3ccccc3)C(=C([C@@H](O)C2=O)C1(C)C)C
GRAMICIDIN-A;CC(C)C[C@@H](NC(=O)[C@H](C)NC(=O)CNC(=O)[C@@H](NC=O)C(C)C)C(=O)N[C@@H](C)C(=O)N[C@H](C(C)C)C(=O)N[C@@H](C(C)C)C(=O)N[C@H](C(C)C)C(=O)N[C@@H](Cc1c[nH]c2ccccc12)C(=O)N[C@H](CC(C)C)C(=O)N[C@@H](Cc1c[nH]c2ccccc12)C(=O)N[C@H](CC(C)C)C(=O)N[C@@H](Cc1c[nH]c2ccccc12)C(=O)N[C@H](CC(C)C)C(=O)N[C@@H](Cc1c[nH]c2ccccc12)C(=O)NCCO GRAMICIDIN-A
GRAMICIDIN-B;CC(C)CC(NC(=O)C(C)NC(=O)CNC(=O)C(NC=O)C(C)C)C(=O)NC(C)C(=O)NC(C(C)C)C(=O)NC(C(C)C)C(=O)NC(C(C)C)C(=O)NC(Cc1c[nH]c2ccccc12)C(=O)NC(CC(C)C)C(=O)NC(Cc1ccccc1)C(=O)NC(CC(C)C)C(=O)NC(Cc1c[nH]c2ccccc12)C(=O)NC(CC(C)C)C(=O)NC(Cc1c[nH]c2ccccc12)C(=O)NCCO
GRAMICIDIN-J2;CC(C)C[C@H](N)C(=O)N[C@@H](CCCN)C(=O)N[C@@H](C(C)C)C(=O)N[C@@H](CCCN)C(=O)N1CCC[C@H]1C(=O)N[C@H](Cc1ccccc1)C=O GRAMICIDIN-J2
GRAMICIDIN-S;CC(C)C[C@@H]1NC(=O)[C@H](CCCN)NC(=O)[C@@H](NC(=O)[C@@H]2CCCN2C(=O)[C@@H](Cc2ccccc2)NC(=O)[C@H](CC(C)C)NC(=O)[C@H](CCCN)NC(=O)[C@@H](NC(=O)[C@@H]2CCCN2C(=O)[C@@H](Cc2ccccc2)NC1=O)C(C)C)C(C)C GRAMICIDIN-S
GRAMICIDIN-S-2;CC[C@@H]1NC(=O)[C@@H]2CCCN2C(=O)[C@@H](Cc2ccccc2)NC(=O)[C@H](CC(C)C)NC(=O)[C@H](CCCN)NC(=O)[C@@H](NC(=O)[C@@H]2CCCN2C(=O)[C@@H](Cc2ccccc2)NC(=O)[C@H](CC(C)C)NC(=O)[C@H](CCCN)NC1=O)C(C)C GRAMICIDIN-S-2
GRAMICIDIN-S-3;CC[C@H](NC(=O)[C@@H]1CCCN1C(=O)[C@@H](Cc1ccccc1)NC(=O)[C@H](CC(C)C)NC(=O)[C@H](CCCN)NC(=O)[C@H](CC)NC(=O)[C@@H]1CCCN1C(=O)[C@@H](Cc1ccccc1)NC(=O)[C@@H](N)CC(C)C)C(=O)N[C@@H](CCCN)C=O GRAMICIDIN-S-3
PACLITAXEL;CC(=O)O[C@H]1C(=O)[C@]2(C)[C@@H](O)C[C@H]3OC[C@@]3(OC(C)=O)C2[C@H](OC(=O)c2ccccc2)[C@]2(O)C[C@H](OC(=O)[C@H](O)[C@@H](NC(=O)c3ccccc3)c3ccccc3)C(=C1C2(C)C)C
PRISTINAMYCIN-IA;CCC1NC(=O)C(NC(=O)c2ncccc2O)C(C)OC(=O)C(NC(=O)C2CC(=O)CCN2C(=O)C(Cc2ccc(cc2)N(C)C)N(C)C(=O)C2CCCN2C1=O)c1ccccc1
PRISTINAMYCIN-IC;CC1OC(=O)C(NC(=O)C2CC(=O)CCN2C(=O)C(Cc2ccc(cc2)N(C)C)N(C)C(=O)C2CCCN2C(=O)C(C)NC(=O)C1NC(=O)c1ncccc1O)c1ccccc1
VALINOMYCIN;CC(C)C1NC(=O)C(C)OC(=O)C(NC(=O)C(OC(=O)C(NC(=O)C(C)OC(=O)C(NC(=O)C(OC(=O)C(NC(=O)C(C)OC(=O)C(NC(=O)C(OC1=O)C(C)C)C(C)C)C(C)C)C(C)C)C(C)C)C(C)C)C(C)C)C(C)C
BENSERAZIDE;NC(CO)C(=O)NNCc1ccc(c(c1O)O)O BENSERAZIDE
EPINEPHRINE;CNC[C@H](O)c1ccc(c(c1)O)O EPINEPHRINE
ETILEFRINE;CCNCC(O)c1cccc(c1)O ETILEFRINE
FENOXAZOLINE;CC(C)c1ccccc1OCC1=NCCN1 FENOXAZOLINE
HYDROXYAMPHETAMINE;CC(N)Cc1ccc(cc1)O HYDROXYAMPHETAMINE
HYDROXYEPHEDRINE;CNC(C)C(O)c1ccc(cc1)O HYDROXYEPHEDRINE
MECLOXAMINE;CC(CN(C)C)OC(C)(c1ccccc1)c1ccc(cc1)Cl MECLOXAMINE
METHOXYPHEDRINE;CNC(C)C(=O)c1ccc(cc1)OC METHOXYPHEDRINE
NORFENEFRINE;NCC(O)c1cccc(c1)O NORFENEFRINE
THEODRENALINE;CN1C(=O)N(C)c2ncn(c2C1=O)CCNCC(O)c1ccc(c(c1)O)O THEODRENALINE
TYMAZOLINE;CC(C)c1ccc(cc1OCC1=NCCN1)C TYMAZOLINE
CARBIDOPA;C[C@@](Cc1ccc(c(c1)O)O)(NN)C(O)=O CARBIDOPA
CARBUTEROL;CC(C)(C)NCC(O)c1ccc(c(c1)NC(N)=O)O CARBUTEROL
DIPIVEFRINE;CNCC(O)c1ccc(c(c1)OC(=O)C(C)(C)C)OC(=O)C(C)(C)C DIPIVEFRINE
DOPAMINE;NCCc1ccc(c(c1)O)O DOPAMINE
ORPHENADRINE;CN(C)CCOC(c1ccccc1)c1ccccc1C ORPHENADRINE
PIVENFRINE;CNCC(O)c1cccc(c1)OC(=O)C(C)(C)C PIVENFRINE
BEVONIUM;C[N+]1(C)CCCCC1COC(=O)C(O)(c1ccccc1)c1ccccc1 BEVONIUM
EMEPRONIUM CARRAGHEENATE;CC[N+](C)(C)C(C)CC(c1ccccc1)c1ccccc1 EMEPRONIUM_CARRAGHEENATE
PENTAPIPERIUM;CCC(C)C(C(=O)OC1CC[N+](C)(C)CC1)c1ccccc1 PENTAPIPERIUM
SULTROPONIUM;C[N+]1(CCCS([O-])(=O)=O)C2CCC1CC(C2)OC(=O)C(CO)c1ccccc1 SULTROPONIUM
TOLCAPONE;Cc1ccc(cc1)C(=O)c1cc(c(c(c1)[N+]([O-])=O)O)O TOLCAPONE
AMIKACIN;NCC[C@H](O)C(=O)N[C@@H]1C[C@H](N)[C@@H](OC2O[C@H](CN)[C@@H](O)[C@H](O)[C@H]2O)[C@H](O)[C@H]1OC1O[C@H](CO)[C@@H](O)[C@H](N)[C@H]1O AMIKACIN
APRAMYCIN;CN[C@H]1[C@@H](O)[C@H]2O[C@H](O[C@@H]3[C@@H](N)C[C@@H](N)[C@H](O)[C@H]3O)[C@H](N)CC2O[C@@H]1O[C@H]1O[C@H](CO)[C@@H](N)[C@H](O)[C@H]1O APRAMYCIN
ARBEKACIN;NCC[C@H](O)C(=O)N[C@@H]1C[C@H](N)[C@@H](O[C@H]2O[C@H](CN)CC[C@H]2N)[C@H](O)[C@H]1O[C@H]1O[C@H](CO)[C@@H](O)[C@H](N)[C@H]1O ARBEKACIN
ASTROMICIN;CO[C@H]1[C@@H](O)[C@H](N)[C@@H](O[C@H]2O[C@@H](CC[C@H]2N)C(C)N)[C@H](O)C1N(C)C(=O)CN ASTROMICIN
BUTIKACIN;NCC[C@@H](O)CN[C@@H]1C[C@H](N)[C@@H](O[C@H]2O[C@H](CN)[C@@H](O)[C@H](O)[C@H]2O)[C@H](O)[C@H]1O[C@H]1O[C@H](CO)[C@@H](O)[C@H](N)[C@H]1O BUTIKACIN
CLINDAMYCIN-PHOSPHATE;CCC[C@@H]1C[C@H](N(C)C1)C(=O)NC(C(C)Cl)[C@H]1O[C@H](SC)[C@H](OP(O)(O)=O)[C@@H](O)[C@H]1O CLINDAMYCIN-PHOSPHATE
DIBEKACIN;NC[C@@H]1CC[C@@H](N)[C@H](O1)O[C@@H]1[C@@H](N)C[C@@H](N)[C@H](O[C@H]2O[C@H](CO)[C@@H](O)[C@H](N)[C@H]2O)[C@H]1O DIBEKACIN
DIHYDROSTREPTOMYCIN;CN[C@H]1[C@H](O)[C@@H](O)[C@H](CO)O[C@H]1O[C@H]1[C@@H](O[C@@H](C)[C@]1(O)CO)O[C@H]1[C@H](O)[C@@H](O)[C@H](N/C(/N)=N)[C@@H](O)[C@@H]1N/C(/N)=N DIHYDROSTREPTOMYCIN
FRAMYCETIN;NC[C@H]1O[C@H](O[C@@H]2[C@@H](N)C[C@@H](N)[C@H](O)[C@H]2O[C@H]2O[C@@H](CO)[C@H](O[C@H]3O[C@@H](CN)[C@@H](O)[C@H](O)[C@H]3N)[C@@H]2O)[C@H](N)[C@@H](O)[C@@H]1O FRAMYCETIN
GENTAMICIN;CN[C@@H]1[C@H](O)[C@H](OC[C@]1(C)O)O[C@H]1[C@H](N)C[C@H](N)[C@@H](O[C@H]2O[C@H](CN)CC[C@H]2N)[C@H]1O GENTAMICIN
ISEPAMYCIN;CN[C@H]1[C@@H](O)C(OC[C@]1(C)O)O[C@@H]1[C@@H](O)[C@H](OC2O[C@H](CN)[C@@H](O)[C@H](O)[C@H]2O)[C@@H](N)C[C@@H]1NC(=O)C(O)CN ISEPAMYCIN
BEKANAMYCIN;NC[C@H]1O[C@H](O[C@@H]2[C@@H](N)C[C@@H](N)[C@H](O[C@H]3O[C@H](CO)[C@@H](O)[C@H](N)[C@H]3O)[C@H]2O)[C@H](N)[C@@H](O)[C@@H]1O BEKANAMYCIN
KANAMYCIN;NC[C@H]1O[C@H](O[C@@H]2[C@@H](N)C[C@@H](N)[C@H](OC3O[C@H](CO)[C@@H](O)[C@H](N)[C@H]3O)[C@H]2O)[C@H](O)[C@@H](O)[C@@H]1O KANAMYCIN
KITASAMYCIN;CO[C@H]1[C@H](O)CC(=O)O[C@H](C)CC=CC=C[C@H](O)[C@H](C)C[C@H](CC=O)[C@@H]1OC1O[C@H](C)[C@@H](O[C@H]2C[C@@](C)(O)[C@@H](O)[C@H](C)O2)[C@@H]([C@H]1O)N(C)C KITASAMYCIN
SEDECAMYCIN;C[C@@H]1[C@H]2C[C@H](OC(C)=O)C=CC(=CC[C@H](O)C=CC(=C[C@@H](NC(=O)C(C)=O)[C@](C)(C(=O)O2)C1=O)C)C SEDECAMYCIN
MIDECAMYCIN;CCC(=O)O[C@@H]1CC(=O)O[C@H](C)CC=CC=C[C@H](O)[C@H](C)C[C@H](CC=O)[C@H](O[C@@H]2O[C@H](C)[C@@H](O[C@H]3C[C@@](C)(O)[C@@H](OC(=O)CC)[C@H](C)O3)[C@@H]([C@H]2O)N(C)C)[C@H]1OC MIDECAMYCIN
MIRINCAMYCIN;CCCCCC1CN[C@@H](C1)C(=O)NC(C(C)Cl)[C@H]1O[C@H](SC)[C@H](O)[C@@H](O)[C@H]1O MIRINCAMYCIN
NEOMYCIN;NC[C@H]1O[C@H](O[C@@H]2[C@@H](N)C[C@@H](N)[C@H](O)[C@H]2O)[C@H](N)[C@@H](O)[C@@H]1O NEOMYCIN
NETILMICIN;CCN[C@@H]1C[C@H](N)[C@@H](O[C@H]2OC(=CC[C@H]2N)CN)[C@H](O)[C@H]1O[C@H]1OC[C@](C)(O)[C@H](NC)[C@H]1O NETILMICIN
PROPIKACIN;NC[C@H]1O[C@H](O[C@@H]2[C@@H](N)C[C@@H](NC(CO)CO)[C@H](O[C@H]3O[C@H](CO)[C@@H](O)[C@H](N)[C@H]3O)[C@H]2O)[C@H](N)[C@@H](O)[C@@H]1O PROPIKACIN
SISOMICIN;CN[C@@H]1[C@@H](O)[C@H](OC[C@]1(C)O)O[C@H]1[C@H](N)C[C@H](N)[C@@H](O[C@H]2OC(=CC[C@H]2N)CN)[C@@H]1O SISOMICIN
STREPTOMYCIN;CN[C@H]1[C@H](O)[C@@H](O)[C@H](CO)O[C@H]1O[C@H]1[C@@H](O[C@@H](C)[C@]1(O)C=O)O[C@H]1[C@H](O)[C@@H](O)[C@H](N/C(/N)=N)[C@@H](O)[C@@H]1N/C(/N)=N STREPTOMYCIN
TOBRAMYCIN;NC[C@H]1O[C@H](O[C@@H]2[C@@H](N)C[C@@H](N)C(O[C@H]3O[C@H](CO)[C@@H](O)[C@H](N)[C@H]3O)[C@H]2O)[C@H](N)C[C@@H]1O TOBRAMYCIN
TROSPECTOMYCIN;CCCC[C@@H]1CC(=O)[C@]2(O)O[C@@H]3[C@@H](NC)[C@@H](O)[C@@H](NC)[C@H](O)[C@H]3O[C@@H]2O1 TROSPECTOMYCIN
CEFTIBUTEN;Nc1scc(n1)/C(=C/CC(O)=O)/C(=O)N[C@H]1[C@H]2SCC=C(N2C1=O)C(O)=O CEFTIBUTEN
ADICILLIN;CC1(C)S[C@@H]2[C@H](NC(=O)CCCC(N)C(O)=O)C(=O)N2[C@H]1C(O)=O ADICILLIN
ALMECILLIN;CC1(C)S[C@@H]2[C@H](NC(=O)CSCC=C)C(=O)N2[C@H]1C(O)=O ALMECILLIN
AMANTOCILLIN;CC1(C)S[C@@H]2[C@H](NC(=O)C34CC5CC(CC(N)(C5)C3)C4)C(=O)N2[C@H]1C(O)=O AMANTOCILLIN
AMOXICILLIN;CC1(C)S[C@@H]2[C@H](NC(=O)[C@H](N)c3ccc(cc3)O)C(=O)N2[C@H]1C(O)=O AMOXICILLIN
AMPICILLIN;CC1(C)S[C@@H]2[C@H](NC(=O)[C@H](N)c3ccccc3)C(=O)N2[C@H]1C(O)=O AMPICILLIN
APALCILLIN;CC1(C)S[C@@H]2[C@H](NC(=O)[C@H](NC(=O)c3cnc4cccnc4c3O)c3ccccc3)C(=O)N2[C@H]1C(O)=O APALCILLIN
ASPOXICILLIN;CNC(=O)C[C@H](N)C(=O)N[C@@H](C(=O)N[C@H]1[C@H]2SC(C)(C)[C@@H](N2C1=O)C(O)=O)c1ccc(cc1)O ASPOXICILLIN
AZIDOCILLIN;CC1(C)SC2C(NC(=O)C(N=[N+]=[N-])c3ccccc3)C(=O)N2C1C(O)=O AZIDOCILLIN
AZTREONAM;C[C@H]1[C@H](NC(=O)\C(=N/OC(C)(C)C(O)=O)\c2csc(n2)N)C(=O)N1S(O)(=O)=O AZTREONAM
BACMECILLINAM;CCOC(=O)OC(C)OC(=O)[C@@H]1N2[C@H](SC1(C)C)[C@H](/N=C/N1CCCCCC1)C2=O BACMECILLINAM
BENZYLPENICILLIN;CC1(C)S[C@@H]2[C@H](NC(=O)Cc3ccccc3)C(=O)N2[C@H]1C(O)=O BENZYLPENICILLIN
CEFPROZIL;C\C=C\C1=C(N2[C@H](SC1)[C@H](NC(=O)[C@H](N)c1ccc(cc1)O)C2=O)C(O)=O CEFPROZIL
CARBENICILLIN;CC1(C)S[C@@H]2[C@H](NC(=O)C(C(O)=O)c3ccccc3)C(=O)N2[C@H]1C(O)=O CARBENICILLIN
CARFECILLIN;CC1(C)S[C@@H]2[C@H](NC(=O)C(C(=O)Oc3ccccc3)c3ccccc3)C(=O)N2[C@H]1C(O)=O CARFECILLIN
CARINDACILLIN;CC1(C)S[C@@H]2[C@H](NC(=O)C(C(=O)Oc3ccc4c(c3)CCC4)c3ccccc3)C(=O)N2[C@H]1C(O)=O CARINDACILLIN
CARUMONAM;NC(=O)OC[C@@H]1[C@H](NC(=O)/C(=N/OCC(O)=O)/c2csc(n2)N)C(=O)N1S(O)(=O)=O CARUMONAM
CEFACETRILE;CC(=O)OCC1=C(N2[C@H](SC1)[C@H](NC(=O)CC#N)C2=O)C(O)=O CEFACETRILE
CEFACLOR;N[C@@H](C(=O)N[C@H]1[C@H]2SCC(=C(N2C1=O)C(O)=O)Cl)c1ccccc1 CEFACLOR
CEFADROXIL;CC1=C(N2[C@H](SC1)[C@H](NC(=O)[C@H](N)c1ccc(cc1)O)C2=O)C(O)=O CEFADROXIL
CEFALEXIN;CC1=C(N2[C@H](SC1)[C@H](NC(=O)[C@H](N)c1ccccc1)C2=O)C(O)=O CEFALEXIN
CEFALOGLYCIN;CC(=O)OCC1=C(N2[C@H](SC1)[C@H](NC(=O)[C@H](N)c1ccccc1)C2=O)C(O)=O CEFALOGLYCIN
CEFALONIUM;NC(=O)c1cc[n+](cc1)CC1=C(N2[C@H](SC1)[C@H](NC(=O)Cc1sccc1)C2=O)C([O-])=O CEFALONIUM
CEFALORAM;CC(=O)OCC1=C(N2[C@H](SC1)[C@H](NC(=O)Cc1ccccc1)C2=O)C(O)=O CEFALORAM
CEFALORIDINE;[O-]C(=O)C1=C(CS[C@@H]2[C@H](NC(=O)Cc3sccc3)C(=O)N21)C[n+]1ccccc1 CEFALORIDINE
CEFALOTIN;CC(=O)OCC1=C(N2[C@H](SC1)[C@H](NC(=O)Cc1sccc1)C2=O)C(O)=O CEFALOTIN
CEFAMANDOLE;Cn1nnnc1SCC1=C(N2[C@H](SC1)[C@H](NC(=O)[C@H](O)c1ccccc1)C2=O)C(O)=O CEFAMANDOLE
CEFAPAROLE;Cc1sc(nn1)SCC1=C(N2[C@H](SC1)[C@H](NC(=O)[C@H](N)c1ccc(cc1)O)C2=O)C(O)=O CEFAPAROLE
CEFAPIRIN;CC(=O)OCC1=C(N2[C@H](SC1)[C@H](NC(=O)CSc1ccncc1)C2=O)C(O)=O CEFAPIRIN
CEFATRIZINE;N[C@@H](C(=O)N[C@H]1[C@H]2SCC(=C(N2C1=O)C(O)=O)CSc1c[nH]nn1)c1ccc(cc1)O CEFATRIZINE
CEFAZAFLUR;Cn1nnnc1SCC1=C(N2[C@H](SC1)[C@H](NC(=O)CSC(F)(F)F)C2=O)C(O)=O CEFAZAFLUR
CEFAZEDONE;Cc1sc(nn1)SCC1=C(N2[C@H](SC1)[C@H](NC(=O)CN1C=C(Cl)C(=O)C(=C1)Cl)C2=O)C(O)=O CEFAZEDONE
CEFAZOLIN;Cc1sc(nn1)SCC1=C(N2[C@H](SC1)[C@H](NC(=O)Cn1cnnn1)C2=O)C(O)=O CEFAZOLIN
CEFCANEL-DALOXATE;C[C@H](N)C(=O)O[C@@H](C(=O)N[C@H]1[C@H]2SCC(=C(N2C1=O)C(=O)OCC1=C(C)OC(=O)O1)CSc1sc(nn1)C)c1ccccc1 CEFCANEL-DALOXATE
CEFDITOREN;CO\N=C(/C(=O)N[C@H]1[C@H]2SCC(=C(N2C1=O)C(O)=O)\C=C/c1scnc1C)\c1csc(n1)N CEFDITOREN
CEFEDROLOR;CC1=C(N2[C@H](SC1)[C@H](NC(=O)[C@H](N)c1ccc(c(c1)Cl)O)C2=O)C(O)=O CEFEDROLOR
CEFEMPIDONE;Nc1sc(cn1)/C(=N/OC1CCNC1=O)/C(=O)N[C@H]1[C@H]2SCC(=C(N2C1=O)C([O-])=O)C[n+]1ccccc1 CEFEMPIDONE
CEFEPIME;CO\N=C(\C(=O)N[C@H]1[C@H]2SCC(=C(N2C1=O)C([O-])=O)C[N+]1(C)CCCC1)/c1csc(n1)N CEFEPIME
CEFETAMET;CO\N=C(/C(=O)N[C@H]1[C@H]2SCC(=C(N2C1=O)C(O)=O)C)\c1csc(n1)N CEFETAMET
CEFETRIZOLE;OC(=O)C1=C(CS[C@@H]2[C@H](NC(=O)Cc3sccc3)C(=O)N21)CSc1n[nH]cn1 CEFETRIZOLE
CEFIVITRIL;Cn1nnnc1SCC1=C(N2[C@H](SC1)[C@H](NC(=O)CS\C=C/C#N)C2=O)C(O)=O CEFIVITRIL
CEFIXIME;Nc1scc(n1)/C(=N/OCC(O)=O)/C(=O)N[C@H]1[C@H]2SCC(=C(N2C1=O)C(O)=O)C=C CEFIXIME
CEFMENOXIME;CO\N=C(/C(=O)N[C@H]1[C@H]2SCC(=C(N2C1=O)C(O)=O)CSc1nnnn1C)\c1csc(n1)N CEFMENOXIME
CEFMETAZOLE;CO[C@]1(NC(=O)CSCC#N)[C@H]2SCC(=C(N2C1=O)C(O)=O)CSc1nnnn1C CEFMETAZOLE
CEFMINOX;CO[C@]1(NC(=O)CSC[C@@H]([N+H3])C([O-])=O)[C@H]2SCC(=C(N2C1=O)C(O)=O)CSc1nnnn1C CEFMINOX
CEFODIZIME;CO\N=C(/C(=O)N[C@H]1[C@H]2SCC(=C(N2C1=O)C(O)=O)CSc1sc(c(n1)C)CC(O)=O)\c1csc(n1)N CEFODIZIME
CEFONICID;O[C@@H](C(=O)N[C@H]1[C@H]2SCC(=C(N2C1=O)C(O)=O)CSc1nnnn1CS(O)(=O)=O)c1ccccc1 CEFONICID
CEFOPERAZONE;CCN1CCN(C(=O)N[C@@H](C(=O)N[C@H]2[C@H]3SCC(=C(N3C2=O)C(O)=O)CSc2nnnn2C)c2ccc(cc2)O)C(=O)C1=O CEFOPERAZONE
CEFORANIDE;NCc1ccccc1CC(=O)N[C@H]1[C@H]2SCC(=C(N2C1=O)C(O)=O)CSc1nnnn1CC(O)=O CEFORANIDE
CEFOTAXIME;CO\N=C(/C(=O)N[C@H]1[C@H]2SCC(=C(N2C1=O)C(O)=O)COC(C)=O)\c1csc(n1)N CEFOTAXIME
CEFOTETAN;CO[C@]1(NC(=O)C2SC(S2)=C(C(N)=O)C(O)=O)[C@H]2SCC(=C(N2C1=O)C(O)=O)CSc1nnnn1C CEFOTETAN
CEFOTIAM;CN(C)CCn1nnnc1SCC1=C(N2[C@H](SC1)[C@H](NC(=O)Cc1csc(n1)N)C2=O)C(O)=O CEFOTIAM
CEFOXAZOLE;CC(=O)OCC1=C(N2[C@H](SC1)[C@H](NC(=O)c1c(onc1c1ccccc1Cl)C)C2=O)C(O)=O CEFOXAZOLE
CEFOXITIN;CO[C@]1(NC(=O)Cc2sccc2)[C@H]2SCC(=C(N2C1=O)C(O)=O)COC(N)=O CEFOXITIN
CEFPIMIZOLE;OC(=O)c1[nH]cnc1C(=O)N[C@@H](C(=O)N[C@H]1[C@H]2SCC(=C(N2C1=O)C([O-])=O)C[n+]1ccc(cc1)CCS(O)(=O)=O)c1ccccc1 CEFPIMIZOLE
CEFPIRAMIDE;Cn1nnnc1SCC1=C(N2[C@H](SC1)[C@H](NC(=O)[C@H](NC(=O)c1cnc(cc1O)C)c1ccc(cc1)O)C2=O)C(O)=O CEFPIRAMIDE
CEFPIROME;CO\N=C(/C(=O)N[C@H]1[C@H]2SCC(=C(N2C1=O)C([O-])=O)C[n+]1cccc2c1CCC2)\c1csc(n1)N CEFPIROME
CEFPODOXIME;COCC1=C(N2[C@H](SC1)[C@H](NC(=O)\C(=N/OC)\c1csc(n1)N)C2=O)C(O)=O CEFPODOXIME
CEFQUINOME;CO\N=C(\C(=O)N[C@H]1[C@H]2SCC(=C(N2C1=O)C([O-])=O)C[n+]1cccc2c1CCCC2)/c1csc(n1)N CEFQUINOME
CEFRADINE;CC1=C(N2[C@H](SC1)[C@H](NC(=O)[C@H](N)C1=CCC=CC1)C2=O)C(O)=O CEFRADINE
CEFROTIL;CC1=C(N2[C@H](SC1)[C@H](NC(=O)Cc1ccc(cc1)C1=NCCCN1)C2=O)C(O)=O CEFROTIL
CEFROXADINE;COC1=C(N2[C@H](SC1)[C@H](NC(=O)[C@H](N)C1C=CCC=C1)C2=O)C(O)=O CEFROXADINE
CEFSULODIN;NC(=O)c1cc[n+](cc1)CC1=C(N2[C@H](SC1)[C@H](NC(=O)[C@@H](c1ccccc1)S(O)(=O)=O)C2=O)C([O-])=O CEFSULODIN
CEFSUMIDE;CC1=C(N2[C@H](SC1)[C@H](NC(=O)C(N)c1cccc(c1)NS(C)(=O)=O)C2=O)C(O)=O CEFSUMIDE
CEFTAZIDIME;CC(C)(O\N=C(/C(=O)N[C@H]1[C@H]2SCC(=C(N2C1=O)C([O-])=O)C[n+]1ccccc1)\c1csc(n1)N)C(O)=O CEFTAZIDIME
CEFTERAM;CO\N=C(/C(=O)N[C@H]1[C@H]2SCC(=C(N2C1=O)C(O)=O)Cn1nnc(n1)C)\c1csc(n1)N CEFTERAM
CEFTEZOLE;OC(=O)C1=C(CS[C@@H]2[C@H](NC(=O)Cn3cnnn3)C(=O)N21)CSc1scnn1 CEFTEZOLE
CEFTIOFUR;CO\N=C(/C(=O)N[C@H]1[C@H]2SCC(=C(N2C1=O)C(O)=O)CSC(=O)c1occc1)\c1csc(n1)N CEFTIOFUR
CEFTIOLENE;CO\N=C(\C(=O)N[C@H]1[C@H]2SCC(=C(N2C1=O)C(O)=O)/C=C/SC1=NNC(=O)C(=O)N1CC=O)/c1csc(n1)N CEFTIOLENE
CEFTIOXIDE;CO\N=C(/C(=O)N[C@H]1[C@@H]2N(C1=O)C(=C(COC(C)=O)CS2=O)C(O)=O)\c1csc(n1)N CEFTIOXIDE
CEFTIZOXIME;CO\N=C(/C(=O)N[C@H]1[C@H]2SCC=C(N2C1=O)C(O)=O)\c1csc(n1)N CEFTIZOXIME
CEFTRIAXONE;CO\N=C(\C(=O)N[C@H]1[C@H]2SCC(=C(N2C1=O)C(O)=O)CSC1=NC(=O)C(=O)NN1C)/c1csc(n1)N CEFTRIAXONE
CEFURACETIME;CO\N=C(/C(=O)N[C@H]1[C@H]2SCC(=C(N2C1=O)C(O)=O)COC(C)=O)\c1occc1 CEFURACETIME
CEFUROXIME-PIVOXETIL;CO\N=C(/C(=O)N[C@H]1[C@H]2SCC(=C(N2C1=O)C(=O)OC(C)OC(=O)C(C)(C)OC)COC(N)=O)\c1occc1 CEFUROXIME-PIVOXETIL
CEFUROXIME-AXETIL;CO\N=C(/C(=O)N[C@H]1[C@H]2SCC(=C(N2C1=O)C(=O)OC(C)OC(C)=O)COC(N)=O)\c1occc1 CEFUROXIME-AXETIL
CEFUROXIME;CO\N=C(\C(=O)N[C@H]1[C@H]2SCC(=C(N2C1=O)C(O)=O)COC(N)=O)/c1occc1 CEFUROXIME
CEFUZONAM;CO\N=C(/C(=O)N[C@H]1[C@H]2SCC(=C(N2C1=O)C(O)=O)CSc1snnc1)\c1csc(n1)N CEFUZONAM
CEPHALOSPORIN-C;CC(=O)OCC1=C(N2C(SC1)C(NC(=O)CCCC(N)C(O)=O)C2=O)C(O)=O CEPHALOSPORIN-C
CLINDAMYCIN;CCC[C@@H]1C[C@H](N(C)C1)C(=O)NC(C(C)Cl)[C@H]1O[C@H](SC)[C@H](O)[C@@H](O)[C@H]1O CLINDAMYCIN
CLOMETOCILLIN;COC(C(=O)N[C@H]1[C@H]2SC(C)(C)[C@@H](N2C1=O)C(O)=O)c1ccc(c(c1)Cl)Cl CLOMETOCILLIN
CLOXACILLIN;Cc1onc(c1C(=O)N[C@H]1[C@H]2SC(C)(C)[C@@H](N2C1=O)C(O)=O)c1ccccc1Cl CLOXACILLIN
SULOPENEM;C[C@@H](O)[C@@H]1[C@H]2SC(=C(N2C1=O)C(O)=O)S[C@H]1CCS(=O)C1 SULOPENEM
CYCLACILLIN;CC1(C)S[C@@H]2[C@H](NC(=O)C3(N)CCCCC3)C(=O)N2[C@H]1C(O)=O CYCLACILLIN
DICLOXACILLIN;Cc1onc(c1C(=O)N[C@H]1[C@H]2SC(C)(C)[C@@H](N2C1=O)C(O)=O)c1c(cccc1Cl)Cl DICLOXACILLIN
SANFETRINEM;CO[C@H]1CCC[C@@H]2[C@@H]3[C@@H]([C@@H](C)O)C(=O)N3C(=C12)C(O)=O SANFETRINEM
LENAPENEM;CNCC[C@@H](O)[C@@H]1C[C@@H](CN1)SC1=C(N2[C@H]([C@H]1C)[C@@H]([C@@H](C)O)C2=O)C(O)=O LENAPENEM
CEFTIZOXIME ALAPIVOXIL;CO\N=C(/C(=O)N[C@H]1[C@H]2SCC=C(N2C1=O)C(=O)OCOC(=O)C(C)(C)C)\c1csc(n1)NC(=O)[C@H](C)N CEFTIZOXIME_ALAPIVOXIL
TOBICILLIN;CC(C)C(=O)OCc1cccc(c1)OC(=O)[C@@H]1N2[C@H](SC1(C)C)[C@H](NC(=O)Cc1ccccc1)C2=O TOBICILLIN
CEFCLIDIN;CO\N=C(\C(=O)N[C@H]1[C@H]2SCC(=C(N2C1=O)C([O-])=O)C[N+]12CCC(CC1)(CC2)C(N)=O)/c1nsc(n1)N CEFCLIDIN
CEFLUPRENAM;CC[N+](C)(C\C=C\C1=C(N2[C@H](SC1)[C@H](NC(=O)\C(=N/OCF)\c1nsc(n1)N)C2=O)C([O-])=O)CC(N)=O CEFLUPRENAM
EPICILLIN;CC1(C)S[C@@H]2[C@H](NC(=O)[C@H](N)C3=CCC=CC3)C(=O)N2[C@H]1C(O)=O EPICILLIN
FENBENICILLIN;CC1(C)S[C@@H]2[C@H](NC(=O)C(Oc3ccccc3)c3ccccc3)C(=O)N2[C@H]1C(O)=O FENBENICILLIN
FIBRACILLIN;CC1(C)S[C@H]2[C@@H](NC(=O)C(NC(=O)C(C)(C)Oc3ccc(cc3)Cl)c3ccccc3)C(=O)N2[C@@H]1C(O)=O FIBRACILLIN
CEFOSELIS;CO\N=C(\C(=O)N[C@H]1[C@H]2SCC(=C(N2C1=O)C([O-])=O)C[n+]1ccc(n1CCO)N)/c1csc(n1)N CEFOSELIS
CEFDINIR;Nc1scc(n1)\C(=N/O)\C(=O)N[C@H]1[C@H]2SCC(=C(N2C1=O)C(O)=O)C=C CEFDINIR
FLOMOXEF;CO[C@]1(NC(=O)CSC(F)F)[C@H]2OCC(=C(N2C1=O)C(O)=O)CSc1nnnn1CCO FLOMOXEF
FLUCLOXACILLIN;Cc1onc(c1C(=O)N[C@H]1[C@H]2SC(C)(C)[C@@H](N2C1=O)C(O)=O)c1c(cccc1Cl)F FLUCLOXACILLIN
FAROPENEM;C[C@@H](O)[C@@H]1[C@H]2SC(=C(N2C1=O)C(O)=O)[C@H]1CCCO1 FAROPENEM
FUMOXICILLIN;CC1(C)S[C@@H]2[C@H](NC(=O)C(/N=C/c3occc3)c3ccc(cc3)O)C(=O)N2[C@H]1C(O)=O FUMOXICILLIN
FURBUCILLIN;CC(C)C[C@@H](OC(=O)c1occc1)C(=O)N[C@H]1[C@H]2SC(C)(C)[C@@H](N2C1=O)C(O)=O FURBUCILLIN
GLOXIMONAM;CO\N=C(/C(=O)N[C@H]1[C@H](C)N(OCC(=O)OCC(=O)OC(C)(C)C)C1=O)\c1csc(n1)N GLOXIMONAM
HETACILLIN;CC1(C)N[C@@H](C(=O)N1[C@H]1[C@H]2SC(C)(C)[C@@H](N2C1=O)C(O)=O)c1ccccc1 HETACILLIN
IMIPENEM;C[C@@H](O)[C@@H]1[C@H]2CC(=C(N2C1=O)C(O)=O)SCCN/C=N IMIPENEM
ISOPROPICILLIN;CC1(C)S[C@@H]2[C@H](NC(=O)C(C)(C)Oc3ccccc3)C(=O)N2[C@H]1C(O)=O ISOPROPICILLIN
CEFCANEL;Cc1sc(nn1)SCC1=C(N2[C@H](SC1)[C@H](NC(=O)[C@H](O)c1ccccc1)C2=O)C(O)=O CEFCANEL
LATAMOXEF;CO[C@]1(NC(=O)C(C(O)=O)c2ccc(cc2)O)[C@H]2OCC(=C(N2C1=O)C(O)=O)CSc1nnnn1C LATAMOXEF
LENAMPICILLIN;CC1=C(COC(=O)[C@@H]2N3[C@H](SC2(C)C)[C@H](NC(=O)[C@H](N)c2ccccc2)C3=O)OC(=O)O1 LENAMPICILLIN
BIAPENEM;C[C@@H](O)[C@@H]1[C@H]2[C@@H](C)C(=C(N2C1=O)C([O-])=O)SC1Cn2cnc[n+]2C1 BIAPENEM
LORACARBEF;N[C@@H](C(=O)N[C@H]1[C@H]2CCC(=C(N2C1=O)C(O)=O)Cl)c1ccccc1 LORACARBEF
MECILLINAM;CC1(C)S[C@@H]2[C@H](/N=C/N3CCCCCC3)C(=O)N2[C@H]1C(O)=O MECILLINAM
METAMPICILLIN;CC1(C)SC2C(NC(=O)C(N=C)c3ccccc3)C(=O)N2C1C(O)=O METAMPICILLIN
METICILLIN;COc1cccc(c1C(=O)N[C@H]1[C@H]2SC(C)(C)[C@@H](N2C1=O)C(O)=O)OC METICILLIN
MEZLOCILLIN;CC1(C)S[C@@H]2[C@H](NC(=O)[C@H](NC(=O)N3CCN(C3=O)S(C)(=O)=O)c3ccccc3)C(=O)N2[C@H]1C(O)=O MEZLOCILLIN
NAFCILLIN;CCOc1ccc2ccccc2c1C(=O)N[C@H]1[C@H]2SC(C)(C)[C@@H](N2C1=O)C(O)=O NAFCILLIN
NALIDIXIC-ACID;CCN1C=C(C(O)=O)C(=O)c2ccc(nc12)C NALIDIXIC-ACID
OXACILLIN;Cc1onc(c1C(=O)N[C@H]1[C@H]2SC(C)(C)[C@@H](N2C1=O)C(O)=O)c1ccccc1 OXACILLIN
OXETACILLIN;CC1(C)N[C@@H](C(=O)N1[C@H]1[C@H]2SC(C)(C)[C@@H](N2C1=O)C(O)=O)c1ccc(cc1)O OXETACILLIN
PENAMECILLIN;CC(=O)OCOC(=O)[C@@H]1N2[C@H](SC1(C)C)[C@H](NC(=O)Cc1ccccc1)C2=O PENAMECILLIN
PHENETICILLIN;CC(Oc1ccccc1)C(=O)N[C@H]1[C@H]2SC(C)(C)[C@@H](N2C1=O)C(O)=O PHENETICILLIN
PIPERACILLIN;CCN1CCN(C(=O)N[C@@H](C(=O)N[C@H]2[C@H]3SC(C)(C)[C@@H](N3C2=O)C(O)=O)c2ccccc2)C(=O)C1=O PIPERACILLIN
PIRBENICILLIN;CC1(C)S[C@@H]2[C@H](NC(=O)[C@H](NC(=O)CN/C(=N)/c3ccncc3)c3ccccc3)C(=O)N2[C@H]1C(O)=O PIRBENICILLIN
PIRIDICILLIN;CC1(C)S[C@@H]2[C@H](NC(=O)[C@H](NC(=O)C3=CC=C(NC3=O)c3ccc(cc3)S(=O)(=O)N(CCO)CCO)c3ccc(cc3)O)C(=O)N2[C@H]1C(O)=O PIRIDICILLIN
PIROXICILLIN;CC1(C)S[C@@H]2[C@H](NC(=O)[C@H](NC(=O)Nc3cnc(nc3O)Nc3ccc(cc3)S(N)(=O)=O)c3ccc(cc3)O)C(=O)N2[C@H]1C(O)=O PIROXICILLIN
PIVAMPICILLIN;CC(C)(C)C(=O)OCOC(=O)[C@@H]1N2[C@H](SC1(C)C)[C@H](NC(=O)[C@H](N)c1ccccc1)C2=O PIVAMPICILLIN
PIVMECILLINAM;CC(C)(C)C(=O)OCOC(=O)C1N2C(SC1(C)C)C(/N=C/N1CCCCCC1)C2=O PIVMECILLINAM
PRAZOCILLIN;Cc1cnn(c1C(=O)NC1C2SC(C)(C)C(N2C1=O)C(O)=O)c1c(cccc1Cl)Cl PRAZOCILLIN
PROPICILLIN;CCC(Oc1ccccc1)C(=O)N[C@H]1[C@H]2SC(C)(C)[C@@H](N2C1=O)C(O)=O PROPICILLIN
QUINACILLIN;CC1(C)S[C@@H]2[C@H](NC(=O)c3nc4ccccc4nc3C(O)=O)C(=O)N2[C@H]1C(O)=O QUINACILLIN
RITIPENEM;C[C@@H](O)[C@@H]1[C@H]2SC(=C(N2C1=O)C(O)=O)COC(N)=O RITIPENEM
ROTAMICILLIN;CC1(C)S[C@@H]2[C@H](NC(=O)[C@H](NC(=O)Cc3ccc(cc3)C3=NCCCN3)c3ccccc3)C(=O)N2[C@H]1C(O)=O ROTAMICILLIN
PANIPENEM;C[C@@H](O)[C@@H]1[C@H]2CC(=C(N2C1=O)C(O)=O)S[C@@H]1CCN(C1)/C(/C)=N PANIPENEM
CEFDALOXIME;COCC1=C(N2[C@H](SC1)[C@H](NC(=O)\C(=N/O)\c1csc(n1)N)C2=O)C(O)=O CEFDALOXIME
CEFCAPENE;CC\C=C(/C(=O)N[C@H]1[C@H]2SCC(=C(N2C1=O)C(O)=O)COC(N)=O)\c1csc(n1)N CEFCAPENE
SARMOXICILLIN;COCOC(=O)[C@@H]1N2[C@H](SC1(C)C)[C@H](N1C(=O)C(NC1(C)C)c1ccc(cc1)O)C2=O SARMOXICILLIN
SARPICILLIN;COCOC(=O)[C@@H]1N2[C@H](SC1(C)C)[C@H](N1C(=O)C(NC1(C)C)c1ccccc1)C2=O SARPICILLIN
CEFOZOPRAN;CO\N=C(/C(=O)N[C@H]1[C@H]2SCC(=C(N2C1=O)C([O-])=O)C[n+]1ccn2c1C=CC=N2)\c1nsc(n1)N CEFOZOPRAN
MEROPENEM;C[C@H](O)[C@@H]1[C@H]2[C@@H](C)C(=C(N2C1=O)C(O)=O)S[C@@H]1CN[C@@H](C1)C(=O)N(C)C MEROPENEM
OXIMONAM;CO\N=C(/C(=O)N[C@H]1[C@H](C)N(OCC(O)=O)C1=O)\c1csc(n1)N OXIMONAM
SULBENICILLIN;CC1(C)SC2C(NC(=O)C(c3ccccc3)S(O)(=O)=O)C(=O)N2C1C(O)=O SULBENICILLIN
SULTAMICILLIN;CC1(C)S[C@@H]2[C@H](NC(=O)[C@H](N)c3ccccc3)C(=O)N2[C@H]1C(=O)OCOC(=O)[C@@H]1N2[C@@H](CC2=O)S(=O)(=O)C1(C)C SULTAMICILLIN
SUNCILLIN;CC1(C)S[C@@H]2[C@H](NC(=O)[C@H](NS(O)(=O)=O)c3ccccc3)C(=O)N2[C@H]1C(O)=O SUNCILLIN
TALAMPICILLIN;CC1(C)S[C@@H]2[C@H](NC(=O)[C@H](N)c3ccccc3)C(=O)N2[C@H]1C(=O)OC1OC(=O)c2ccccc12 TALAMPICILLIN
TAMETICILLIN;CCN(CC)CCOC(=O)[C@@H]1N2[C@H](SC1(C)C)[C@H](NC(=O)c1c(cccc1OC)OC)C2=O TAMETICILLIN
TEMOCILLIN;CO[C@]1(NC(=O)C(C(O)=O)c2cscc2)[C@H]2SC(C)(C)[C@@H](N2C1=O)C(O)=O TEMOCILLIN
TICARCILLIN;CC1(C)S[C@@H]2[C@H](NC(=O)[C@H](C(O)=O)c3cscc3)C(=O)N2[C@H]1C(O)=O TICARCILLIN
TIFENCILLIN;CC1(C)S[C@@H]2[C@H](NC(=O)CSc3ccccc3)C(=O)N2[C@H]1C(O)=O TIFENCILLIN
TIGEMONAM;CC1(C)[C@H](NC(=O)/C(=N/OCC(O)=O)/c2csc(n2)N)C(=O)N1OS(O)(=O)=O TIGEMONAM
XANTOCILLIN;Oc1ccc(cc1)\C=C(/[N+]#[C-])\C(=C\c1ccc(cc1)O)\[N+]#[C-] XANTOCILLIN
TAZOBACTAM;C[C@@]1(Cn2ccnn2)[C@H](N2[C@H](CC2=O)S1(=O)=O)C(O)=O TAZOBACTAM
CLARITHROMYCIN;CC[C@@H]1OC(=O)[C@H](C)[C@H](O[C@H]2C[C@@](C)(OC)[C@@H](O)[C@H](C)O2)[C@H](C)[C@@H](O[C@@H]2O[C@H](C)C[C@@H]([C@H]2O)N(C)C)[C@](C)(C[C@@H](C)C(=O)[C@@H](C)[C@@H](O)[C@]1(C)O)OC CLARITHROMYCIN
BERYTHROMYCIN;CC[C@H]1OC(=O)[C@H](C)[C@@H](O[C@H]2C[C@@](C)(OC)[C@@H](O)[C@H](C)O2)[C@H](C)[C@@H](O[C@@H]2O[C@H](C)C[C@@H]([C@H]2O)N(C)C)[C@](C)(O)C[C@@H](C)C(=O)[C@H](C)[C@@H](O)[C@H]1C BERYTHROMYCIN
AZITHROMYCIN;CC[C@H]1OC(=O)[C@H](C)[C@@H](O[C@H]2C[C@@](C)(OC)[C@@H](O)[C@H](C)O2)[C@H](C)[C@@H](O[C@@H]2O[C@H](C)C[C@@H]([C@H]2O)N(C)C)[C@](C)(O)C[C@@H](C)CN(C)[C@H](C)[C@@H](O)[C@]1(C)O AZITHROMYCIN
DIPROLEANDOMYCIN;CCC(=O)O[C@H]1[C@@H](C)[C@@H](C)OC(=O)C(C)[C@@H](O[C@H]2C[C@H](OC)[C@@H](OC(=O)CC)[C@H](C)O2)[C@H](C)[C@@H](O[C@@H]2O[C@H](C)C[C@@H]([C@H]2O)N(C)C)C(C)C[C@@]2(CO2)C(=O)[C@@H]1C DIPROLEANDOMYCIN
DIRITHROMYCIN;CC[C@H]1OC(=O)[C@H](C)[C@@H](O[C@H]2C[C@@](C)(OC)[C@@H](O)[C@H](C)O2)[C@H](C)[C@@H](O[C@@H]2O[C@H](C)C[C@@H]([C@H]2O)N(C)C)[C@](C)(O)C[C@@H](C)[C@@H]2N[C@@H](COCCOC)O[C@H]([C@H]2C)[C@]1(C)O DIRITHROMYCIN
EFROTOMYCIN;CC[C@H](C(=O)NC/C=C/C=C(\C)/[C@@H](OC)[C@@H](C)C1O[C@H](/C=C/C=C/C=C(\C)/C(=O)C2=C(O)C=CN(C)C2=O)[C@H](O)[C@@H]1O)[C@@]1(O)O[C@@H](/C=C/C=C\C)C(C)(C)[C@@H](O[C@@H]2O[C@H](C)[C@@H](O[C@@H]3O[C@@H](C)[C@H](OC)[C@@H](O)[C@H]3OC)[C@@H](OC)[C@H]2O)[C@H]1O EFROTOMYCIN
ERYTHROMYCIN-ETHYLCARBONATE;CCOC(=O)O[C@@H]1[C@H](C[C@@H](C)O[C@H]1O[C@@H]1[C@@H](C)[C@H](O[C@H]2C[C@@](C)(OC)[C@@H](O)[C@H](C)O2)[C@@H](C)C(=O)O[C@H](CC)[C@@](C)(O)[C@H](O)[C@@H](C)C(=O)[C@H](C)C[C@@]1(C)O)N(C)C ERYTHROMYCIN-ETHYLCARBONATE
ERYTHROMYCIN-ETHYLSUCCINATE;CCOC(=O)CCC(=O)O[C@@H]1[C@H](C[C@@H](C)O[C@H]1O[C@@H]1[C@@H](C)[C@H](O[C@H]2C[C@@](C)(OC)[C@@H](O)[C@H](C)O2)[C@@H](C)C(=O)O[C@H](CC)[C@@](C)(O)[C@H](O)[C@@H](C)C(=O)[C@H](C)C[C@@]1(C)O)N(C)C ERYTHROMYCIN-ETHYLSUCCINATE
ERYTHROMYCIN-PROPIONATE;CC[C@H]1OC(=O)[C@H](C)[C@@H](O[C@H]2C[C@@](C)(OC)[C@@H](O)[C@H](C)O2)[C@H](C)[C@@H](O[C@@H]2O[C@H](C)C[C@@H]([C@H]2OC(=O)CC)N(C)C)[C@](C)(O)C[C@@H](C)C(=O)[C@H](C)[C@@H](O)[C@]1(C)O ERYTHROMYCIN-PROPIONATE
ERYTHROMYCIN;CC[C@H]1OC(=O)[C@H](C)[C@@H](O[C@H]2C[C@@](C)(OC)[C@@H](O)[C@H](C)O2)[C@H](C)[C@@H](O[C@H]2O[C@@H](C)C[C@H]([C@@H]2O)N(C)C)[C@](C)(O)C[C@@H](C)C(=O)[C@H](C)[C@@H](O)[C@]1(C)O ERYTHROMYCIN
FLURITHROMYCIN;CC[C@H]1OC(=O)[C@H](C)[C@@H](O[C@H]2C[C@@](C)(OC)[C@@H](O)[C@H](C)O2)[C@H](C)[C@@H](O[C@@H]2O[C@H](C)C[C@@H]([C@H]2O)N(C)C)[C@](C)(O)C[C@](C)(F)C(=O)[C@H](C)[C@@H](O)[C@]1(C)O FLURITHROMYCIN
JOSAMYCIN;CO[C@H]1[C@@H](CC(=O)O[C@H](C)CC=CC=C[C@H](O)[C@H](C)C[C@H](CC=O)[C@@H]1O[C@@H]1O[C@H](C)[C@@H](O[C@H]2C[C@@](C)(O)[C@@H](OC(=O)CC(C)C)[C@H](C)O2)[C@@H]([C@H]1O)N(C)C)OC(C)=O JOSAMYCIN
LEXITHROMYCIN;CC[C@H]1OC(=O)[C@H](C)[C@@H](O[C@H]2C[C@@](C)(OC)[C@@H](O)[C@H](C)O2)[C@H](C)[C@@H](O[C@@H]2O[C@H](C)C[C@@H]([C@H]2O)N(C)C)[C@](C)(O)C[C@@H](C)\C(=N/OC)\[C@H](C)[C@@H](O)[C@]1(C)O LEXITHROMYCIN
OLEANDOMYCIN;CO[C@H]1C[C@@H](O[C@@H](C)[C@@H]1O)O[C@H]1[C@H](C)[C@@H](O[C@@H]2O[C@H](C)C[C@@H]([C@H]2O)N(C)C)[C@@H](C)C[C@@]2(CO2)C(=O)[C@H](C)[C@@H](O)[C@@H](C)[C@@H](C)OC(=O)[C@@H]1C OLEANDOMYCIN
ROXITHROMYCIN;CC[C@H]1OC(=O)[C@H](C)[C@@H](O[C@H]2C[C@@](C)(OC)[C@@H](O)[C@H](C)O2)[C@H](C)[C@@H](O[C@@H]2O[C@H](C)C[C@@H]([C@H]2O)N(C)C)[C@](C)(O)C[C@@H](C)\C(=N/OCOCCOC)\[C@H](C)[C@@H](O)[C@]1(C)O ROXITHROMYCIN
SPIRAMYCIN;CO[C@H]1[C@H](O)CC(=O)O[C@H](C)CC=CC=C[C@H](OC2CC[C@@H]([C@@H](C)O2)N(C)C)[C@H](C)C[C@H](CC=O)[C@@H]1OC1O[C@H](C)[C@@H](O[C@H]2C[C@@](C)(O)[C@@H](O)[C@H](C)O2)[C@@H]([C@H]1O)N(C)C SPIRAMYCIN
TROLEANDOMYCIN;CO[C@H]1C[C@@H](O[C@@H](C)[C@@H]1OC(C)=O)O[C@H]1[C@H](C)[C@@H](O[C@@H]2O[C@H](C)C[C@@H]([C@H]2OC(C)=O)N(C)C)[C@@H](C)C[C@@]2(CO2)C(=O)[C@H](C)[C@@H](OC(C)=O)[C@@H](C)[C@@H](C)OC(=O)[C@@H]1C TROLEANDOMYCIN
NORFLOXACIN;CCN1C=C(C(O)=O)C(=O)c2cc(c(cc12)N1CCNCC1)F NORFLOXACIN
AMICYCLINE;CN(C)[C@H]1[C@@H]2C[C@@H]3Cc4ccc(c(c4C(=O)C3=C(O)[C@]2(O)C(=O)C(=C1O)C(N)=O)O)N AMICYCLINE
APICYCLINE;CN(C)[C@H]1[C@@H]2C[C@H]3C(=C(O)[C@]2(O)C(=O)C(=C1O)C(=O)NC(N1CCN(CCO)CC1)C(O)=O)C(=O)c1c(cccc1[C@@]3(C)O)O APICYCLINE
CETOCYCLINE;CC(=O)C1=C(O)[C@H](N)[C@@H]2Cc3c(c4ccc(c(c4c(c3C(=O)[C@]2(O)C1=O)O)O)C)C CETOCYCLINE
CHLORTETRACYCLINE;CN(C)[C@H]1[C@@H]2C[C@H]3C(=C(O)[C@]2(O)C(=O)C(=C1O)C(N)=O)C(=O)c1c(ccc(c1[C@@]3(C)O)Cl)O CHLORTETRACYCLINE
CLOMOCYCLINE;CN(C)[C@H]1[C@@H]2C[C@H]3C(=C(O)[C@]2(O)C(=O)C(=C1O)C(=O)NCO)C(=O)c1c(ccc(c1[C@@]3(C)O)Cl)O CLOMOCYCLINE
DEMECLOCYCLINE;CN(C)[C@H]1[C@@H]2C[C@@H]3[C@H](O)c4c(ccc(c4C(=O)C3=C(O)[C@]2(O)C(=O)C(=C1O)C(N)=O)O)Cl DEMECLOCYCLINE
DEMECYCLINE;CN(C)[C@H]1[C@@H]2C[C@@H]3[C@H](O)c4cccc(c4C(=O)C3=C(O)[C@]2(O)C(=O)C(=C1O)C(N)=O)O DEMECYCLINE
DOXYCYCLINE;C[C@@H]1[C@H]2[C@H](O)[C@H]3[C@H](N(C)C)C(=C(C(N)=O)C(=O)[C@@]3(O)C(=C2C(=O)c2c(cccc12)O)O)O DOXYCYCLINE
ETAMOCYCLINE;CN(C)[C@H]1[C@@H]2C[C@H]3C(=C(O)[C@]2(O)C(=O)C(=C1O)C(=O)NCN(C)CCN(C)CNC(=O)C1=C(O)[C@H]([C@@H]2C[C@H]4C(=C(O)[C@]2(O)C1=O)C(=O)c1c(cccc1[C@@]4(C)O)O)N(C)C)C(=O)c1c(cccc1[C@@]3(C)O)O ETAMOCYCLINE
GUAMECYCLINE;CN(C)[C@H]1[C@@H]2C[C@H]3C(=C(O)[C@]2(O)C(=O)C(=C1O)C(=O)NCN1CCN(CC1)\C(=N)\N/C(/N)=N)C(=O)c1c(cccc1[C@@]3(C)O)O GUAMECYCLINE
LYMECYCLINE;CN(C)[C@H]1[C@@H]2C[C@H]3C(=C(O)[C@]2(O)C(=O)C(=C1O)C(=O)NCNCCCCC(N)C(O)=O)C(=O)c1c(cccc1[C@@]3(C)O)O LYMECYCLINE
MECLOCYCLINE;CN(C)[C@H]1[C@@H]2[C@@H](O)[C@@H]3C(=C)c4c(ccc(c4C(=O)C3=C(O)[C@]2(O)C(=O)C(=C1O)C(N)=O)O)Cl MECLOCYCLINE
METACYCLINE;CN(C)[C@H]1[C@@H]2[C@@H](O)[C@@H]3C(=C)c4cccc(c4C(=O)C3=C(O)[C@]2(O)C(=O)C(=C1O)C(N)=O)O METACYCLINE
MINOCYCLINE;CN(C)[C@H]1[C@@H]2C[C@@H]3Cc4c(ccc(c4C(=O)C3=C(O)[C@]2(O)C(=O)C(=C1O)C(N)=O)O)N(C)C MINOCYCLINE
NITROCYCLINE;CN(C)[C@H]1[C@@H]2C[C@@H]3Cc4c(ccc(c4C(=O)C3=C(O)[C@]2(O)C(=O)C(=C1O)C(N)=O)O)[N+]([O-])=O NITROCYCLINE
OXYTETRACYCLINE;CN(C)[C@H]1[C@@H]2[C@@H](O)C3C(=C(O)[C@]2(O)C(=O)C(=C1O)C(N)=O)C(=O)c1c(cccc1[C@@]3(C)O)O OXYTETRACYCLINE
PECOCYCLINE;CN(C)[C@H]1[C@@H]2C[C@H]3C(=C(O)[C@]2(O)C(=O)C(=C1O)C(=O)NCN1CCCC(C1)C(O)=O)C(=O)c1c(cccc1[C@@]3(C)O)O PECOCYCLINE
PENIMOCYCLINE;CN(C)C1C2CC3C(=C(O)[C@]2(O)C(=O)C(=C1O)C(=O)NCNC(C(=O)NC1C2SC(C)(C)C(N2C1=O)C(O)=O)c1ccccc1)C(=O)c1c(cccc1C3(C)O)O PENIMOCYCLINE
PIPACYCLINE;CN(C)[C@H]1[C@@H]2C[C@H]3C(=C(O)[C@]2(O)C(=O)C(=C1O)C(=O)NCN1CCN(CCO)CC1)C(=O)c1c(cccc1[C@@]3(C)O)O PIPACYCLINE
ROLITETRACYCLINE;CN(C)[C@H]1[C@@H]2C[C@H]3C(=C(O)[C@]2(O)C(=O)C(=C1O)C(=O)NCN1CCCC1)C(=O)c1c(cccc1[C@@]3(C)O)O ROLITETRACYCLINE
TETRACYCLINE;CN(C)[C@H]1[C@@H]2C[C@H]3C(=C(O)[C@]2(O)C(=O)C(=C1O)C(N)=O)C(=O)c1c(cccc1[C@@]3(C)O)O TETRACYCLINE
ACLARUBICIN;CC[C@@]1(O)C[C@H](O[C@H]2C[C@@H]([C@H](O[C@H]3C[C@H](O)[C@H](O[C@H]4CCC(=O)[C@H](C)O4)[C@H](C)O3)[C@H](C)O2)N(C)C)c2c(c3c(cc2[C@H]1C(=O)OC)C(=O)c1cccc(c1C3=O)O)O ACLARUBICIN
AMRUBICIN;CC(=O)[C@@]1(N)C[C@H](O[C@H]2C[C@H](O)[C@H](O)CO2)c2c(c3c(c(c2C1)O)C(=O)c1ccccc1C3=O)O AMRUBICIN
CARUBICIN;C[C@@H]1O[C@H](C[C@H](N)[C@@H]1O)O[C@H]1C[C@@](O)(Cc2c(c3c(c(c21)O)C(=O)c1c(cccc1C3=O)O)O)C(C)=O CARUBICIN
DAUNORUBICIN;COc1cccc2c1C(=O)c1c(c3c(c(c1C2=O)O)C[C@](O)(C[C@@H]3O[C@H]1C[C@H](N)[C@H](O)[C@H](C)O1)C(C)=O)O DAUNORUBICIN
MEDORUBICIN;C[C@@H]1O[C@H](C[C@H](N)[C@@H]1O)O[C@H]1C[C@@](O)(Cc2c(c3c(c(c21)O)C(=O)c1ccccc1C3=O)O)C(=O)CO MEDORUBICIN
DETORUBICIN;CCOC(OCC)C(=O)OCC(=O)[C@@]1(O)C[C@H](O[C@H]2C[C@H](N)[C@H](O)[C@H](C)O2)c2c(c3c(c(c2C1)O)C(=O)c1cccc(c1C3=O)OC)O DETORUBICIN
EPIRUBICIN;COc1cccc2c1C(=O)c1c(c3c(c(c1C2=O)O)C[C@](O)(C[C@@H]3O[C@H]1C[C@H](N)[C@@H](O)[C@H](C)O1)C(=O)CO)O EPIRUBICIN
ESORUBICIN;COc1cccc2c1C(=O)c1c(c3c(c(c1C2=O)O)C[C@](O)(C[C@@H]3O[C@H]1C[C@H](N)C[C@H](C)O1)C(=O)CO)O ESORUBICIN
IDARUBICIN;C[C@H]1O[C@@H](C[C@@H](N)[C@H]1O)O[C@H]1C[C@@](O)(Cc2c(c3c(c(c21)O)C(=O)c1ccccc1C3=O)O)C(C)=O IDARUBICIN
LEURUBICIN;COc1cccc2c1C(=O)c1c(c3c(c(c1C2=O)O)C[C@](O)(C[C@@H]3O[C@H]1C[C@H](NC(=O)[C@@H](N)CC(C)C)[C@H](O)[C@H](C)O1)C(=O)CO)O LEURUBICIN
PIRARUBICIN;COc1cccc2c1C(=O)c1c(c3c(c(c1C2=O)O)C[C@](O)(C[C@@H]3O[C@H]1C[C@H](N)[C@H](O[C@H]2CCCCO2)[C@H](C)O1)C(=O)CO)O PIRARUBICIN
RODORUBICIN;CC[C@@]1(O)C[C@H](O[C@H]2C[C@@H]([C@H](O[C@H]3C[C@@H]4O[C@H]5CC(=O)[C@H](C)O[C@H]5O[C@@H]4[C@H](C)O3)[C@H](C)O2)N(C)C)c2c(c3c(c(c2[C@H]1O[C@H]1C[C@@H]([C@H](O)[C@H](C)O1)N(C)C)O)C(=O)c1cccc(c1C3=O)O)O RODORUBICIN
ZORUBICIN;COc1cccc2c1C(=O)c1c(c3c(c(c1C2=O)O)C[C@](O)(C[C@@H]3O[C@H]1C[C@H](N)[C@H](O)[C@H](C)O1)\C(\C)=N/NC(=O)c1ccccc1)O ZORUBICIN
DOXORUBICIN;COc1cccc2c1C(=O)c1c(c3c(c(c1C2=O)O)C[C@](O)(C[C@@H]3O[C@H]1C[C@H](N)[C@H](O)[C@H](C)O1)C(=O)CO)O DOXORUBICIN
FUSIDIC-ACID;C[C@@H]1[C@H](O)CC[C@@]2(C)[C@H]1CC[C@@]1(C)C2[C@H](O)C[C@H]2\C(\[C@H](C[C@@]21C)OC(C)=O)=C(\CCC=C(C)C)/C(O)=O FUSIDIC-ACID
LINCOMYCIN;CCC[C@@H]1C[C@H](N(C)C1)C(=O)NC(C(C)O)[C@H]1O[C@H](SC)[C@H](O)[C@@H](O)[C@H]1O LINCOMYCIN
RIFABUTIN;CO[C@H]1C=CO[C@@]2(C)Oc3c(c(c4c(c3C2=O)C2=NC3(CCN(CC3)CC(C)C)NC2=C(NC(=O)C(=CC=C[C@H](C)[C@H](O)[C@@H](C)[C@@H](O)[C@@H](C)[C@H](OC(C)=O)[C@@H]1C)C)C4=O)O)C RIFABUTIN
RIFAMEXIL;CCN(CC)c1sc2c3c(c4c(c(c5c(c4c2n1)C(=O)[C@@](C)(OC=C[C@H](OC)[C@@H](C)[C@@H](OC(C)=O)[C@H](C)[C@H](O)[C@H](C)[C@@H](O)[C@@H](C)C=CC=C(C)C(=O)N3)O5)C)O)O RIFAMEXIL
RIFAMIDE;CCN(CC)C(=O)COc1cc2c(c3c(c(c4c(c13)C(=O)C(C)(OC=CC(OC)C(C)C(OC(C)=O)C(C)C(O)C(C)C(O)C(C)C=CC=C(C)C(=O)N2)O4)C)O)O RIFAMIDE
RIFAMPICIN;CO[C@H]1C=CO[C@@]2(C)Oc3c(c(c4c(c(c(c(c4c3C2=O)O)/C=N/N2CCN(C)CC2)NC(=O)C(=CC=C[C@H](C)[C@H](O)[C@@H](C)[C@@H](O)[C@@H](C)[C@H](OC(C)=O)[C@@H]1C)C)O)O)C RIFAMPICIN
RIFAMYCIN;CO[C@H]1C=CO[C@@]2(C)Oc3c(c(c4c(c(cc(c4c3C2=O)O)NC(=O)C(=CC=C[C@H](C)[C@H](O)[C@@H](C)[C@@H](O)[C@@H](C)[C@H](OC(C)=O)[C@@H]1C)C)O)O)C RIFAMYCIN
RIFAPENTINE;CO[C@H]1C=CO[C@@]2(C)Oc3c(c(c4c(c(c(c(c4c3C2=O)O)/C=N/N2CCN(CC2)C2CCCC2)NC(=O)C(=CC=C[C@H](C)[C@H](O)[C@@H](C)[C@@H](O)[C@@H](C)[C@H](OC(C)=O)[C@@H]1C)C)O)O)C RIFAPENTINE
RIFAXIMIN;CO[C@H]1C=CO[C@@]2(C)Oc3c(c(c4c(c(c5n6c(nc5c4c3C2=O)C=C(C)C=C6)NC(=O)C(=CC=C[C@H](C)[C@H](O)[C@@H](C)[C@@H](O)[C@@H](C)[C@H](OC(C)=O)[C@@H]1C)C)O)O)C RIFAXIMIN
RIFAMETANE;CCN(CC)\C(\C)=N\N=C\c1c(c2c3c(c(c4c2C(=O)[C@@](C)(OC=C[C@H](OC)[C@@H](C)[C@@H](OC(C)=O)[C@H](C)[C@H](O)[C@H](C)[C@@H](O)[C@@H](C)C=CC=C(C)C(=O)Nc1c3O)O4)C)O)O RIFAMETANE
VIRGINIAMYCIN-FACTOR-M1;CC(C)[C@H]1OC(=O)C2=CCCN2C(=O)c2coc(n2)CC(=O)C[C@H](O)C=C(C)C=CCNC(=O)C=C[C@H]1C VIRGINIAMYCIN-FACTOR-M1
VIRGINIAMYCIN-FACTOR-S1;CCC1NC(=O)C(NC(=O)c2ncccc2O)C(C)OC(=O)C(NC(=O)C2CC(=O)CCN2C(=O)C(Cc2ccccc2)N(C)C(=O)C2CCCN2C1=O)c1ccccc1 VIRGINIAMYCIN-FACTOR-S1
NOVOBIOCIN;CO[C@@H]1[C@@H](OC(N)=O)[C@@H](O)[C@@H](Oc2ccc3c(c2C)OC(=O)C(=C3O)NC(=O)c2ccc(c(c2)CC=C(C)C)O)OC1(C)C NOVOBIOCIN
AMPHOTERICIN-B;C[C@@H]1O[C@H](O[C@@H]2C[C@@H]3O[C@](O)(C[C@@H](O)C[C@@H](O)[C@H](O)CC[C@@H](O)C[C@@H](O)CC(=O)O[C@@H](C)[C@H](C)[C@H](O)[C@@H](C)C=CC=CC=CC=CC=CC=CC=C2)C[C@H](O)[C@H]3C(O)=O)[C@H](O)[C@H](N)[C@H]1O AMPHOTERICIN-B
CETIRIZINE;OC(=O)COCCN1CCN(CC1)C(c1ccccc1)c1ccc(cc1)Cl CETIRIZINE
ITRACONAZOLE;CCC(C)N1N=CN(C1=O)c1ccc(cc1)N1CCN(CC1)c1ccc(cc1)OC[C@H]1CO[C@@](Cn2cncn2)(O1)c1ccc(cc1Cl)Cl ITRACONAZOLE
KETOCONAZOLE;CC(=O)N1CCN(CC1)c1ccc(cc1)OCC1CO[C@@](Cn2ccnc2)(O1)c1ccc(cc1Cl)Cl KETOCONAZOLE
SPIRAMYCIN;CO[C@H]1[C@H](O)CC(=O)O[C@H](C)CC=CC=C[C@H](OC2CC[C@@H]([C@@H](C)O2)N(C)C)[C@H](C)C[C@H](CC=O)[C@@H]1OC1O[C@H](C)[C@@H](O[C@H]2C[C@@](C)(O)[C@@H](O)[C@H](C)O2)[C@@H]([C@H]1O)N(C)C SPIRAMYCIN
TEICOPLANIN;COC(=O)C1NC(=O)[C@H]2NC(=O)[C@H](NC(=O)[C@@H]3NC(=O)[C@H]4NC(=O)[C@H](NC(=O)[C@@H](N)c5ccc(c(c5)Oc5cc4cc(c5C)O)O)[C@H](O)c4ccc(c(c4)Cl)Oc4cc3cc(c4O)Oc3ccc(cc3Cl)[C@H]2O[C@@H]2O[C@H](CO)[C@@H](O)[C@H](O)[C@H]2NC(C)=O)c2ccc(c(c2)c2c(cc(cc21)O)O)O TEICOPLANIN
TERFENADINE;CC(C)(C)c1ccc(cc1)C(O)CCCN1CCC(CC1)C(O)(c1ccccc1)c1ccccc1 TERFENADINE
VANCOMYCIN;CN[C@H](CC(C)C)C(=O)N[C@@H]1[C@H](O)c2ccc(c(c2)Cl)Oc2cc3cc(c2O[C@@H]2O[C@H](CO)[C@@H](O)[C@H](O)[C@H]2O[C@H]2C[C@](C)(N)[C@H](O)[C@H](C)O2)Oc2ccc(cc2Cl)[C@@H](O)[C@@H]2NC(=O)[C@H](NC(=O)[C@@H]3NC(=O)[C@H](CC(N)=O)NC1=O)c1ccc(c(c1)c1c(cc(cc1[C@H](NC2=O)C(O)=O)O)O)O VANCOMYCIN
